Provider,MarketId,SelectionId
Strat8P2,1.258458400,9002331
Strat9P1,1.258458400,22088831
